Command,Param 1,Param 2,,
selectChannel,1.000000,0.000000,0.000000,0.000000
setDCVoltage,20.000000,0.000000,0.000000,0.000000
setDCCurrent,0.500000,0.000000,0.000000,0.000000
wait,10.000000,0.000000,0.000000,0.000000
setVoltageSteps,20.000000,0.500000,25.000000,30.000000
setDCVoltage,0.000000,0.000000,0.000000,0.000000
setDCCurrent,0.000000,0.000000,0.000000,0.000000
wait,18000.000000,0.000000,0.000000,0.000000
